Id,Gender,Age,daily routine,Living Environment,Cooking at Home,pet owner,Smoking,Sociable,hobbies & activities,communication method,important roommate qualities,study habits,physical exercise
3002,Male,19,Balanced Throughout the Day,Lively,Occasionally,no,Non-Smoker,Open to Socializing,"Sports, Music, Outdoor Activities",Text,Friendly,collaborative,Occasionally (1-2 times a month)
3003,Male,19,Night Owl,Balanced,Rarely,yes,Smoker,Prefer Privacy,"Sports, Music, Movies/TV, Gaming",In-person,Respectful,collaborative,Regularly (1-2 times a week)
3004,Female,18,Early Riser,Quiet,Regularly,no,Non-Smoker,Open to Socializing,"Reading, Movies/TV",In-person,Respectful,quiet and focused,Regularly (1-2 times a week)
3005,Male,18,Balanced Throughout the Day,Balanced,Rarely,no,Non-Smoker,Open to Socializing,"Sports, Movies/TV, Outdoor Activities",In-person,Respectful,quiet and focused,Occasionally (1-2 times a month)
3006,Female,19,Balanced Throughout the Day,Quiet,Regularly,no,Non-Smoker,Open to Socializing,Reading,In-person,Cleanliness,quiet and focused,Rarely (once a month or less)
3007,Male,19,Balanced Throughout the Day,Quiet,Rarely,yes,Non-Smoker,Open to Socializing,Outdoor Activities,Text,Cleanliness,quiet and focused,Rarely (once a month or less)
3008,Male,< 18,Night Owl,Balanced,Regularly,no,Smoker,Prefer Privacy,Outdoor Activities,Text,Friendly,quiet and focused,Rarely (once a month or less)
3009,Female,19,Early Riser,Balanced,Occasionally,no,Non-Smoker,Prefer Privacy,"Reading, Music, Movies/TV",In-person,Respectful,quiet and focused,Rarely (once a month or less)
3010,Male,18,Night Owl,Quiet,Regularly,yes,Non-Smoker,Prefer Privacy,"Music, Movies/TV, Gaming",Text,Cleanliness,prefer background noise,Occasionally (1-2 times a month)
3011,Male,20,Night Owl,Quiet,Occasionally,no,Non-Smoker,Open to Socializing,"Sports, Movies/TV",In-person,Cleanliness,collaborative,Regularly (1-2 times a week)
3012,Female,18,Early Riser,Quiet,Rarely,no,Non-Smoker,Prefer Privacy,Reading,In-person,Respectful,quiet and focused,Never
3013,Female,18,Night Owl,Lively,Rarely,no,Non-Smoker,Prefer Privacy,"Reading, Sports, Outdoor Activities, Gaming",In-person,Respectful,collaborative,Regularly (1-2 times a week)
3014,Male,18,Balanced Throughout the Day,Lively,Occasionally,no,Non-Smoker,Open to Socializing,"Reading, Sports, Outdoor Activities",In-person,Cleanliness,prefer background noise,Regularly (1-2 times a week)
3015,Female,19,Early Riser,Balanced,Rarely,no,Non-Smoker,Open to Socializing,"Reading, Music, Movies/TV",In-person,Cleanliness,quiet and focused,Occasionally (1-2 times a month)
3016,Male,< 18,Night Owl,Balanced,Regularly,no,Smoker,Open to Socializing,"Sports, Music, Movies/TV, Outdoor Activities, Gaming",Text,Friendly,collaborative,Frequently (3-4 times a week)
3017,Female,19,Early Riser,Balanced,Occasionally,no,Non-Smoker,Open to Socializing,Reading,In-person,Friendly,quiet and focused,Regularly (1-2 times a week)
3018,Male,19,Balanced Throughout the Day,Balanced,Rarely,yes,Non-Smoker,Prefer Privacy,"Sports, Outdoor Activities, Gaming",Text,Cleanliness,prefer background noise,Rarely (once a month or less)
3019,Female,19,Balanced Throughout the Day,Lively,Rarely,no,Non-Smoker,Open to Socializing,"Reading, Sports, Music, Movies/TV, Outdoor Activities, Gaming",In-person,Respectful,prefer background noise,Very frequently (5 or more times a week)
3020,Male,19,Early Riser,Balanced,Rarely,no,Non-Smoker,Prefer Privacy,"Sports, Gaming",In-person,Responsible,prefer background noise,Frequently (3-4 times a week)
3021,Female,19,Early Riser,Balanced,Regularly,yes,Non-Smoker,Prefer Privacy,Music,In-person,Respectful,quiet and focused,Regularly (1-2 times a week)
3022,Male,< 18,Night Owl,Quiet,Rarely,no,Non-Smoker,Open to Socializing,"Reading, Sports, Music, Movies/TV, Outdoor Activities, Gaming",In-person,Respectful,quiet and focused,Very frequently (5 or more times a week)
3023,Female,18,Balanced Throughout the Day,Balanced,Regularly,no,Non-Smoker,Prefer Privacy,"Reading, Sports, Music, Movies/TV, Outdoor Activities",In-person,Friendly,collaborative,Rarely (once a month or less)
3024,Male,20,Night Owl,Quiet,Occasionally,yes,Non-Smoker,Prefer Privacy,"Reading, Sports, Music, Movies/TV, Outdoor Activities, Gaming",In-person,Cleanliness,quiet and focused,Frequently (3-4 times a week)
3025,Female,18,Balanced Throughout the Day,Quiet,Occasionally,no,Non-Smoker,Prefer Privacy,"Reading, Outdoor Activities",In-person,Cleanliness,quiet and focused,Occasionally (1-2 times a month)
3026,Female,< 18,Night Owl,Balanced,Rarely,no,Non-Smoker,Open to Socializing,"Reading, Outdoor Activities",In-person,Respectful,quiet and focused,Regularly (1-2 times a week)
3027,Male,< 18,Balanced Throughout the Day,Quiet,Rarely,no,Non-Smoker,Prefer Privacy,"Reading, Music, Movies/TV, Outdoor Activities, Gaming",In-person,Responsible,prefer background noise,Occasionally (1-2 times a month)
3028,Male,20,Night Owl,Quiet,Occasionally,no,Smoker,Prefer Privacy,"Music, Movies/TV, Outdoor Activities, Gaming",In-person,Cleanliness,quiet and focused,Never
3029,Female,20,Balanced Throughout the Day,Quiet,Occasionally,no,Non-Smoker,Prefer Privacy,Gaming,In-person,Respectful,quiet and focused,Never
3030,Male,19,Early Riser,Quiet,Occasionally,no,Non-Smoker,Prefer Privacy,"Music, Movies/TV, Gaming",Text,Friendly,quiet and focused,Regularly (1-2 times a week)
3031,Male,18,Early Riser,Quiet,Occasionally,yes,Non-Smoker,Prefer Privacy,Gaming,In-person,Quiet,quiet and focused,Frequently (3-4 times a week)
3032,Female,20,Night Owl,Balanced,Rarely,no,Non-Smoker,Prefer Privacy,"Sports, Music",In-person,Cleanliness,collaborative,Regularly (1-2 times a week)
3033,Female,18,Early Riser,Balanced,Regularly,yes,Non-Smoker,Prefer Privacy,Reading,In-person,Cleanliness,quiet and focused,Rarely (once a month or less)
3034,Female,19,Night Owl,Quiet,Regularly,yes,Non-Smoker,Prefer Privacy,"Reading, Music, Movies/TV",In-person,Cleanliness,quiet and focused,Rarely (once a month or less)
3035,Male,21,Night Owl,Lively,Regularly,yes,Smoker,Open to Socializing,"Sports, Gaming",In-person,Cleanliness,quiet and focused,Frequently (3-4 times a week)
3036,Female,18,Early Riser,Quiet,Regularly,no,Non-Smoker,Prefer Privacy,"Reading, Sports, Music, Gaming",Text,Cleanliness,collaborative,Occasionally (1-2 times a month)
3037,Male,19,Early Riser,Balanced,Rarely,no,Non-Smoker,Open to Socializing,"Reading, Movies/TV",In-person,Respectful,quiet and focused,Rarely (once a month or less)
3038,Female,< 18,Early Riser,Balanced,Rarely,yes,Non-Smoker,Prefer Privacy,"Reading, Sports",In-person,Cleanliness,prefer background noise,Rarely (once a month or less)
3039,Female,18,Night Owl,Balanced,Regularly,no,Non-Smoker,Prefer Privacy,"Sports, Music, Movies/TV",In-person,Friendly,quiet and focused,Regularly (1-2 times a week)
3040,Female,18,Balanced Throughout the Day,Balanced,Rarely,no,Non-Smoker,Open to Socializing,"Reading, Movies/TV, Outdoor Activities",In-person,Respectful,collaborative,Rarely (once a month or less)
3041,Female,21,Balanced Throughout the Day,Balanced,Occasionally,no,Non-Smoker,Open to Socializing,"Music, Movies/TV",Text,Friendly,quiet and focused,Rarely (once a month or less)
3042,Female,18,Balanced Throughout the Day,Lively,Regularly,no,Non-Smoker,Open to Socializing,"Reading, Movies/TV, Gaming",Text,Respectful,quiet and focused,Rarely (once a month or less)
3043,Female,19,Night Owl,Lively,Occasionally,no,Non-Smoker,Open to Socializing,Reading,In-person,Respectful,quiet and focused,Regularly (1-2 times a week)
3044,Female,18,Night Owl,Balanced,Occasionally,yes,Non-Smoker,Open to Socializing,"Music, Movies/TV, Outdoor Activities, Gaming",Text,Friendly,quiet and focused,Occasionally (1-2 times a month)
3045,Male,19,Night Owl,Quiet,Regularly,yes,Non-Smoker,Open to Socializing,"Sports, Music",In-person,Respectful,quiet and focused,Regularly (1-2 times a week)
3046,Female,20,Early Riser,Balanced,Regularly,no,Non-Smoker,Open to Socializing,"Movies/TV, Outdoor Activities, Gaming",In-person,Friendly,quiet and focused,Rarely (once a month or less)
3047,Male,22,Night Owl,Lively,Regularly,no,Non-Smoker,Prefer Privacy,"Sports, Movies/TV",In-person,Cleanliness,collaborative,Frequently (3-4 times a week)
3048,Male,18,Early Riser,Balanced,Regularly,no,Non-Smoker,Open to Socializing,"Sports, Outdoor Activities, Gaming",In-person,Friendly,collaborative,Regularly (1-2 times a week)
3049,Male,18,Balanced Throughout the Day,Balanced,Rarely,yes,Non-Smoker,Prefer Privacy,"Sports, Music, Movies/TV, Outdoor Activities, Gaming",In-person,Cleanliness,quiet and focused,Frequently (3-4 times a week)
3050,Female,20,Balanced Throughout the Day,Quiet,Rarely,yes,Non-Smoker,Open to Socializing,"Reading, Music, Movies/TV, Outdoor Activities, Gaming",In-person,Friendly,quiet and focused,Regularly (1-2 times a week)
3051,Female,18,Night Owl,Balanced,Regularly,no,Non-Smoker,Open to Socializing,"Sports, Movies/TV, Outdoor Activities",In-person,Friendly,quiet and focused,Rarely (once a month or less)
3052,Female,19,Early Riser,Balanced,Occasionally,no,Non-Smoker,Open to Socializing,"Music, Movies/TV",In-person,Respectful,quiet and focused,Never
3053,Male,19,Balanced Throughout the Day,Balanced,Occasionally,no,Non-Smoker,Prefer Privacy,"Sports, Movies/TV, Outdoor Activities",In-person,Cleanliness,quiet and focused,Regularly (1-2 times a week)
3054,Male,19,Early Riser,Balanced,Occasionally,yes,Smoker,Prefer Privacy,"Sports, Movies/TV, Gaming",Text,Cleanliness,quiet and focused,Regularly (1-2 times a week)
3055,Female,18,Balanced Throughout the Day,Balanced,Rarely,no,Non-Smoker,Open to Socializing,"Reading, Music, Movies/TV, Outdoor Activities, Gaming",In-person,Respectful,collaborative,Rarely (once a month or less)
3056,Female,20,Night Owl,Balanced,Occasionally,no,Non-Smoker,Prefer Privacy,"Sports, Music, Outdoor Activities",In-person,Cleanliness,quiet and focused,Frequently (3-4 times a week)
3057,Female,>22,Night Owl,Quiet,Occasionally,no,Non-Smoker,Prefer Privacy,"Music, Movies/TV",Text,Respectful,collaborative,Never
3058,Female,19,Night Owl,Balanced,Rarely,no,Non-Smoker,Open to Socializing,"Music, Movies/TV, Outdoor Activities",In-person,Cleanliness,prefer background noise,Rarely (once a month or less)
3059,Female,18,Balanced Throughout the Day,Quiet,Rarely,no,Non-Smoker,Open to Socializing,"Reading, Movies/TV",In-person,Responsible,quiet and focused,Never
3060,Female,20,Balanced Throughout the Day,Balanced,Regularly,no,Non-Smoker,Open to Socializing,"Sports, Outdoor Activities",In-person,Quiet,quiet and focused,Very frequently (5 or more times a week)
3061,Female,19,Balanced Throughout the Day,Balanced,Occasionally,no,Non-Smoker,Open to Socializing,"Reading, Sports, Music, Gaming",In-person,Cleanliness,quiet and focused,Frequently (3-4 times a week)
3062,Male,20,Night Owl,Quiet,Rarely,yes,Non-Smoker,Open to Socializing,"Sports, Movies/TV, Gaming",Text,Cleanliness,collaborative,Very frequently (5 or more times a week)
3063,Female,18,Balanced Throughout the Day,Balanced,Rarely,no,Non-Smoker,Open to Socializing,"Movies/TV, Outdoor Activities, Gaming",In-person,Cleanliness,quiet and focused,Never
3064,Female,< 18,Early Riser,Balanced,Regularly,no,Non-Smoker,Open to Socializing,Sports,In-person,Friendly,collaborative,Occasionally (1-2 times a month)
3065,Female,< 18,Night Owl,Quiet,Regularly,yes,Non-Smoker,Open to Socializing,Music,In-person,Friendly,prefer background noise,Very frequently (5 or more times a week)
3066,Male,20,Balanced Throughout the Day,Quiet,Occasionally,no,Non-Smoker,Open to Socializing,"Reading, Sports, Music, Movies/TV",In-person,Responsible,quiet and focused,Rarely (once a month or less)
3067,Female,< 18,Balanced Throughout the Day,Balanced,Occasionally,no,Non-Smoker,Prefer Privacy,"Sports, Music, Movies/TV, Outdoor Activities",Text,Friendly,collaborative,Rarely (once a month or less)
3068,Male,18,Early Riser,Lively,Regularly,no,Non-Smoker,Open to Socializing,"Movies/TV, Outdoor Activities, Gaming",In-person,Respectful,quiet and focused,Regularly (1-2 times a week)
3069,Female,< 18,Balanced Throughout the Day,Quiet,Regularly,yes,Non-Smoker,Open to Socializing,"Movies/TV, Outdoor Activities",In-person,Respectful,quiet and focused,Rarely (once a month or less)
3070,Female,< 18,Early Riser,Quiet,Regularly,yes,Non-Smoker,Prefer Privacy,Reading,Text,Respectful,quiet and focused,Occasionally (1-2 times a month)
3071,Female,< 18,Early Riser,Balanced,Occasionally,no,Non-Smoker,Open to Socializing,"Sports, Music, Movies/TV, Outdoor Activities",In-person,Friendly,quiet and focused,Regularly (1-2 times a week)
3072,Female,20,Balanced Throughout the Day,Balanced,Rarely,no,Non-Smoker,Open to Socializing,"Sports, Music, Movies/TV, Outdoor Activities",In-person,Cleanliness,collaborative,Rarely (once a month or less)
3073,Female,< 18,Balanced Throughout the Day,Lively,Rarely,no,Non-Smoker,Open to Socializing,Music,In-person,Cleanliness,prefer background noise,Rarely (once a month or less)
3074,Male,< 18,Night Owl,Quiet,Rarely,no,Non-Smoker,Open to Socializing,"Reading, Sports, Music",In-person,Cleanliness,collaborative,Frequently (3-4 times a week)
3075,Female,20,Balanced Throughout the Day,Lively,Rarely,yes,Non-Smoker,Prefer Privacy,"Sports, Music, Gaming",In-person,Respectful,quiet and focused,Frequently (3-4 times a week)
3076,Male,18,Early Riser,Lively,Occasionally,no,Non-Smoker,Prefer Privacy,"Reading, Sports",In-person,Respectful,quiet and focused,Regularly (1-2 times a week)
3077,Female,18,Early Riser,Lively,Rarely,no,Non-Smoker,Open to Socializing,Sports,In-person,Cleanliness,quiet and focused,Frequently (3-4 times a week)
3078,Male,18,Night Owl,Balanced,Rarely,no,Non-Smoker,Open to Socializing,"Sports, Music, Movies/TV, Outdoor Activities, Gaming",In-person,Cleanliness,collaborative,Frequently (3-4 times a week)
3079,Male,19,Early Riser,Balanced,Regularly,yes,Non-Smoker,Open to Socializing,Movies/TV,Text,Cleanliness,quiet and focused,Frequently (3-4 times a week)
3080,Female,< 18,Balanced Throughout the Day,Lively,Rarely,no,Non-Smoker,Open to Socializing,Reading,In-person,Cleanliness,quiet and focused,Never
3081,Female,20,Early Riser,Lively,Rarely,no,Non-Smoker,Open to Socializing,"Reading, Sports, Movies/TV, Outdoor Activities",In-person,Cleanliness,collaborative,Occasionally (1-2 times a month)
3082,Male,19,Balanced Throughout the Day,Quiet,Regularly,no,Smoker,Open to Socializing,"Sports, Movies/TV, Gaming",In-person,Cleanliness,collaborative,Frequently (3-4 times a week)
3083,Female,18,Early Riser,Quiet,Rarely,no,Non-Smoker,Prefer Privacy,"Reading, Movies/TV, Gaming",In-person,Responsible,quiet and focused,Regularly (1-2 times a week)
3084,Male,18,Balanced Throughout the Day,Quiet,Rarely,no,Non-Smoker,Open to Socializing,"Sports, Outdoor Activities, Gaming",In-person,Respectful,quiet and focused,Regularly (1-2 times a week)
3085,Female,19,Balanced Throughout the Day,Balanced,Rarely,yes,Non-Smoker,Prefer Privacy,Music,In-person,Friendly,quiet and focused,Rarely (once a month or less)
3086,Male,19,Balanced Throughout the Day,Balanced,Rarely,no,Non-Smoker,Open to Socializing,"Sports, Music, Gaming",In-person,Quiet,collaborative,Rarely (once a month or less)
3087,Female,19,Early Riser,Lively,Regularly,no,Non-Smoker,Prefer Privacy,"Reading, Movies/TV, Outdoor Activities",In-person,Cleanliness,collaborative,Rarely (once a month or less)
3088,Male,18,Early Riser,Balanced,Regularly,no,Non-Smoker,Prefer Privacy,"Sports, Gaming",Text,Cleanliness,quiet and focused,Frequently (3-4 times a week)
3089,Male,19,Balanced Throughout the Day,Lively,Occasionally,no,Non-Smoker,Prefer Privacy,"Reading, Outdoor Activities",In-person,Responsible,collaborative,Rarely (once a month or less)
3090,Male,18,Early Riser,Balanced,Regularly,no,Non-Smoker,Prefer Privacy,"Reading, Sports, Music, Movies/TV, Outdoor Activities, Gaming",In-person,Respectful,prefer background noise,Occasionally (1-2 times a month)
3091,Female,18,Night Owl,Balanced,Rarely,no,Non-Smoker,Open to Socializing,"Sports, Music, Movies/TV, Outdoor Activities, Gaming",In-person,Respectful,prefer background noise,Regularly (1-2 times a week)
3092,Female,>22,Balanced Throughout the Day,Balanced,Regularly,no,Non-Smoker,Open to Socializing,"Reading, Sports, Movies/TV, Outdoor Activities, Gaming",In-person,Respectful,quiet and focused,Rarely (once a month or less)
3093,Female,< 18,Early Riser,Balanced,Rarely,no,Non-Smoker,Prefer Privacy,"Reading, Sports",In-person,Respectful,quiet and focused,Regularly (1-2 times a week)
3094,Male,20,Night Owl,Balanced,Regularly,yes,Non-Smoker,Prefer Privacy,Sports,In-person,Cleanliness,quiet and focused,Occasionally (1-2 times a month)
3095,Female,< 18,Early Riser,Balanced,Rarely,no,Non-Smoker,Open to Socializing,"Reading, Outdoor Activities, Gaming",In-person,Cleanliness,quiet and focused,Occasionally (1-2 times a month)
3096,Female,18,Early Riser,Balanced,Regularly,no,Non-Smoker,Open to Socializing,"Reading, Outdoor Activities, Gaming",In-person,Quiet,quiet and focused,Rarely (once a month or less)
3097,Female,< 18,Night Owl,Quiet,Occasionally,no,Non-Smoker,Prefer Privacy,"Reading, Sports, Movies/TV, Outdoor Activities",Text,Quiet,quiet and focused,Occasionally (1-2 times a month)
3098,Male,19,Early Riser,Balanced,Occasionally,no,Non-Smoker,Prefer Privacy,"Reading, Music, Movies/TV, Outdoor Activities",In-person,Cleanliness,collaborative,Rarely (once a month or less)
3099,Male,18,Early Riser,Quiet,Regularly,yes,Non-Smoker,Prefer Privacy,"Reading, Sports, Movies/TV, Gaming",In-person,Cleanliness,prefer background noise,Frequently (3-4 times a week)
3100,Female,< 18,Balanced Throughout the Day,Quiet,Regularly,no,Non-Smoker,Open to Socializing,Sports,In-person,Respectful,quiet and focused,Rarely (once a month or less)
3101,Female,20,Night Owl,Balanced,Regularly,no,Non-Smoker,Prefer Privacy,Movies/TV,In-person,Responsible,quiet and focused,Rarely (once a month or less)
3102,Female,< 18,Night Owl,Balanced,Regularly,no,Non-Smoker,Open to Socializing,Reading,In-person,Friendly,prefer background noise,Regularly (1-2 times a week)
3103,Female,< 18,Balanced Throughout the Day,Balanced,Occasionally,no,Non-Smoker,Prefer Privacy,Reading,In-person,Cleanliness,quiet and focused,Rarely (once a month or less)
3104,Female,21,Balanced Throughout the Day,Balanced,Regularly,no,Non-Smoker,Prefer Privacy,Sports,In-person,Cleanliness,quiet and focused,Occasionally (1-2 times a month)
3105,Male,18,Night Owl,Quiet,Rarely,no,Non-Smoker,Prefer Privacy,"Music, Movies/TV, Gaming",In-person,Friendly,collaborative,Rarely (once a month or less)
3106,Female,20,Balanced Throughout the Day,Balanced,Regularly,no,Non-Smoker,Open to Socializing,"Movies/TV, Outdoor Activities",In-person,Respectful,collaborative,Rarely (once a month or less)
3107,Female,19,Night Owl,Quiet,Rarely,no,Non-Smoker,Prefer Privacy,"Reading, Sports, Music",In-person,Responsible,quiet and focused,Very frequently (5 or more times a week)
3108,Female,< 18,Early Riser,Balanced,Rarely,no,Non-Smoker,Open to Socializing,Movies/TV,Text,Respectful,quiet and focused,Rarely (once a month or less)
3109,Male,19,Balanced Throughout the Day,Quiet,Occasionally,no,Non-Smoker,Open to Socializing,"Sports, Music, Movies/TV, Gaming",In-person,Cleanliness,quiet and focused,Regularly (1-2 times a week)
3110,Female,>22,Early Riser,Quiet,Regularly,no,Non-Smoker,Open to Socializing,"Movies/TV, Outdoor Activities",In-person,Respectful,quiet and focused,Never
3111,Female,20,Early Riser,Balanced,Occasionally,no,Non-Smoker,Open to Socializing,"Reading, Sports, Movies/TV, Outdoor Activities",In-person,Cleanliness,,Regularly (1-2 times a week)
3112,Male,18,Night Owl,Balanced,Rarely,no,Non-Smoker,Open to Socializing,Sports,In-person,Cleanliness,collaborative,Regularly (1-2 times a week)
3113,Female,18,Night Owl,Balanced,Rarely,yes,Non-Smoker,Prefer Privacy,"Reading, Music, Movies/TV",Text,Cleanliness,quiet and focused,Never
3114,Male,18,Early Riser,Lively,Occasionally,no,Non-Smoker,Open to Socializing,"Sports, Music, Outdoor Activities, Gaming",In-person,Respectful,collaborative,Frequently (3-4 times a week)
3115,Female,18,Early Riser,Balanced,Occasionally,no,Non-Smoker,Open to Socializing,"Reading, Music, Movies/TV",In-person,Cleanliness,quiet and focused,Occasionally (1-2 times a month)
3116,Female,18,Early Riser,Lively,Regularly,yes,Non-Smoker,Prefer Privacy,"Music, Movies/TV",In-person,Cleanliness,quiet and focused,Never
3117,Female,< 18,Night Owl,Lively,Regularly,no,Non-Smoker,Prefer Privacy,"Reading, Gaming",Text,Cleanliness,prefer background noise,Rarely (once a month or less)
3118,Female,19,Early Riser,Balanced,Occasionally,no,Non-Smoker,Open to Socializing,"Reading, Movies/TV, Outdoor Activities",Text,Cleanliness,quiet and focused,Never
3119,Female,19,Early Riser,Lively,Rarely,no,Non-Smoker,Open to Socializing,Movies/TV,In-person,Cleanliness,collaborative,Never
3120,Female,20,Early Riser,Balanced,Regularly,no,Non-Smoker,Prefer Privacy,"Movies/TV, Outdoor Activities, Gaming",In-person,Respectful,collaborative,Rarely (once a month or less)
3121,Male,18,Early Riser,Balanced,Rarely,no,Non-Smoker,Open to Socializing,Reading,In-person,Respectful,quiet and focused,Never
3122,Male,18,Balanced Throughout the Day,Balanced,Regularly,no,Non-Smoker,Open to Socializing,"Reading, Outdoor Activities, Gaming",In-person,Cleanliness,collaborative,Regularly (1-2 times a week)
3123,Male,18,Early Riser,Balanced,Rarely,no,Non-Smoker,Open to Socializing,"Music, Movies/TV, Outdoor Activities, Gaming",In-person,Respectful,quiet and focused,Regularly (1-2 times a week)
3124,Female,20,Night Owl,Quiet,Occasionally,no,Non-Smoker,Prefer Privacy,"Movies/TV, Gaming",Text,Cleanliness,quiet and focused,Rarely (once a month or less)
3125,Female,20,Balanced Throughout the Day,Balanced,Occasionally,no,Non-Smoker,Open to Socializing,"Sports, Music, Movies/TV",In-person,Cleanliness,collaborative,Rarely (once a month or less)
3126,Female,18,Balanced Throughout the Day,Balanced,Regularly,no,Non-Smoker,Open to Socializing,"Reading, Sports",In-person,Cleanliness,collaborative,
3127,Female,20,Early Riser,Balanced,Regularly,no,Non-Smoker,Open to Socializing,Movies/TV,In-person,Cleanliness,collaborative,Rarely (once a month or less)
3128,Female,20,Early Riser,Quiet,Occasionally,no,Non-Smoker,Open to Socializing,"Reading, Movies/TV",Text,Quiet,quiet and focused,Rarely (once a month or less)
3129,Female,21,Balanced Throughout the Day,Balanced,Rarely,yes,Non-Smoker,Prefer Privacy,"Music, Movies/TV, Outdoor Activities",In-person,Respectful,collaborative,Rarely (once a month or less)
3130,Male,19,Night Owl,Quiet,Occasionally,no,Non-Smoker,Prefer Privacy,"Sports, Music, Movies/TV, Outdoor Activities, Gaming",Text,Friendly,collaborative,Very frequently (5 or more times a week)
3131,Female,20,Balanced Throughout the Day,Balanced,Rarely,no,Non-Smoker,Prefer Privacy,Outdoor Activities,In-person,Cleanliness,quiet and focused,Rarely (once a month or less)
3132,Female,18,Night Owl,Balanced,Rarely,yes,Non-Smoker,Open to Socializing,Reading,In-person,Cleanliness,collaborative,Occasionally (1-2 times a month)
3133,Female,19,Night Owl,Balanced,Rarely,no,Non-Smoker,Open to Socializing,"Reading, Movies/TV, Outdoor Activities, Gaming",In-person,Cleanliness,quiet and focused,Occasionally (1-2 times a month)
3134,Male,19,Early Riser,Quiet,Rarely,no,Non-Smoker,Prefer Privacy,"Reading, Sports",In-person,Quiet,quiet and focused,Frequently (3-4 times a week)
3135,Female,20,Early Riser,Lively,Regularly,no,Non-Smoker,Open to Socializing,"Reading, Movies/TV, Outdoor Activities",In-person,Cleanliness,collaborative,Occasionally (1-2 times a month)
3136,Male,20,Early Riser,Balanced,Regularly,no,Non-Smoker,Open to Socializing,"Reading, Sports, Music, Movies/TV, Outdoor Activities, Gaming",In-person,Respectful,collaborative,Occasionally (1-2 times a month)
3137,Male,21,Night Owl,Quiet,Regularly,no,Non-Smoker,Prefer Privacy,"Sports, Music, Movies/TV, Outdoor Activities",In-person,Cleanliness,prefer background noise,Very frequently (5 or more times a week)
3138,Female,>22,Balanced Throughout the Day,Quiet,Occasionally,no,Non-Smoker,Open to Socializing,"Reading, Movies/TV, Outdoor Activities",Text,Cleanliness,collaborative,Rarely (once a month or less)
3139,Male,>22,Early Riser,Quiet,Regularly,no,Non-Smoker,Prefer Privacy,Outdoor Activities,In-person,Friendly,collaborative,Rarely (once a month or less)
3140,Female,19,Balanced Throughout the Day,Balanced,Regularly,no,Non-Smoker,Prefer Privacy,Music,In-person,Quiet,collaborative,Never
3141,Female,21,Night Owl,Balanced,Occasionally,yes,Non-Smoker,Open to Socializing,"Sports, Music, Movies/TV, Outdoor Activities",In-person,Cleanliness,quiet and focused,Occasionally (1-2 times a month)
3142,Male,18,Balanced Throughout the Day,Balanced,Occasionally,no,Non-Smoker,Open to Socializing,"Sports, Movies/TV, Outdoor Activities, Gaming",In-person,Cleanliness,quiet and focused,Rarely (once a month or less)
3143,Female,18,Early Riser,Balanced,Occasionally,no,Non-Smoker,Open to Socializing,Reading,Text,Respectful,collaborative,Rarely (once a month or less)
3144,Female,21,Night Owl,Quiet,Rarely,no,Non-Smoker,Open to Socializing,"Music, Outdoor Activities",In-person,Quiet,quiet and focused,Rarely (once a month or less)
3145,Female,20,Night Owl,Balanced,Occasionally,yes,Non-Smoker,Prefer Privacy,"Reading, Music, Movies/TV",Text,Cleanliness,quiet and focused,Regularly (1-2 times a week)
3146,Female,20,Balanced Throughout the Day,Quiet,Regularly,no,Non-Smoker,Open to Socializing,Movies/TV,In-person,Cleanliness,quiet and focused,
3147,Female,18,Balanced Throughout the Day,Lively,Occasionally,no,Non-Smoker,Prefer Privacy,"Reading, Music, Movies/TV",In-person,Cleanliness,quiet and focused,Rarely (once a month or less)
3148,Female,< 18,Balanced Throughout the Day,Balanced,Regularly,no,Non-Smoker,Open to Socializing,"Sports, Music, Movies/TV, Outdoor Activities, Gaming",In-person,Cleanliness,collaborative,Rarely (once a month or less)
3149,Female,18,Early Riser,Quiet,Occasionally,yes,Non-Smoker,Prefer Privacy,Reading,In-person,Respectful,quiet and focused,Never
3150,Female,< 18,Early Riser,Quiet,Rarely,no,Non-Smoker,Open to Socializing,Reading,In-person,Cleanliness,quiet and focused,Rarely (once a month or less)
3151,Female,< 18,Night Owl,Balanced,Regularly,no,Non-Smoker,Open to Socializing,"Reading, Sports, Music, Movies/TV, Outdoor Activities",In-person,Respectful,collaborative,Rarely (once a month or less)
3152,Female,< 18,Early Riser,Balanced,Occasionally,no,Non-Smoker,Open to Socializing,"Sports, Music, Movies/TV, Outdoor Activities",In-person,Friendly,quiet and focused,Occasionally (1-2 times a month)
3153,Female,18,Early Riser,Balanced,Occasionally,yes,Non-Smoker,Open to Socializing,"Reading, Gaming",In-person,Respectful,quiet and focused,Regularly (1-2 times a week)
3154,Female,< 18,Early Riser,Balanced,Regularly,no,Non-Smoker,Open to Socializing,Sports,In-person,Friendly,collaborative,Very frequently (5 or more times a week)
3155,Female,18,Balanced Throughout the Day,Balanced,Regularly,no,Non-Smoker,Open to Socializing,Reading,In-person,Responsible,prefer background noise,Rarely (once a month or less)
3156,Female,< 18,Early Riser,Balanced,Occasionally,no,Non-Smoker,Prefer Privacy,"Reading, Sports, Music, Movies/TV, Outdoor Activities",In-person,Respectful,prefer background noise,Frequently (3-4 times a week)
3157,Male,18,Balanced Throughout the Day,Balanced,Occasionally,no,Non-Smoker,Open to Socializing,"Reading, Music, Movies/TV",In-person,Cleanliness,quiet and focused,Rarely (once a month or less)
3158,Female,< 18,Balanced Throughout the Day,Quiet,Regularly,no,Non-Smoker,Prefer Privacy,"Reading, Music, Gaming",Text,Cleanliness,quiet and focused,Occasionally (1-2 times a month)
3159,Female,18,Early Riser,Lively,Occasionally,yes,Non-Smoker,Prefer Privacy,Music,In-person,Cleanliness,collaborative,Never
3160,Female,< 18,Balanced Throughout the Day,Balanced,Regularly,yes,Non-Smoker,Prefer Privacy,"Reading, Music",Text,Quiet,quiet and focused,Rarely (once a month or less)
3161,Female,< 18,Balanced Throughout the Day,Quiet,Rarely,no,Non-Smoker,Prefer Privacy,Music,Text,Cleanliness,quiet and focused,Rarely (once a month or less)
3162,Female,18,Balanced Throughout the Day,Balanced,Rarely,no,Non-Smoker,Open to Socializing,"Music, Movies/TV",In-person,Respectful,prefer background noise,Rarely (once a month or less)
3163,Female,18,Night Owl,Quiet,Rarely,no,Non-Smoker,Open to Socializing,"Reading, Music, Movies/TV, Gaming",In-person,Friendly,collaborative,Rarely (once a month or less)
3164,Female,< 18,Balanced Throughout the Day,Balanced,Occasionally,no,Non-Smoker,Open to Socializing,"Sports, Movies/TV",In-person,Cleanliness,prefer background noise,Rarely (once a month or less)
3165,Female,18,Balanced Throughout the Day,Quiet,Occasionally,no,Non-Smoker,Prefer Privacy,"Sports, Music, Movies/TV",In-person,Cleanliness,quiet and focused,Rarely (once a month or less)
3166,Female,18,Early Riser,Quiet,Rarely,no,Non-Smoker,Prefer Privacy,Movies/TV,In-person,Respectful,collaborative,Rarely (once a month or less)
3167,Female,19,Early Riser,Balanced,Regularly,no,Non-Smoker,Open to Socializing,"Music, Movies/TV",In-person,Cleanliness,quiet and focused,Rarely (once a month or less)
3168,Female,< 18,Balanced Throughout the Day,Balanced,Regularly,no,Non-Smoker,Open to Socializing,"Reading, Sports, Music, Movies/TV",In-person,Respectful,collaborative,Regularly (1-2 times a week)
3169,Female,< 18,Early Riser,Quiet,Rarely,no,Non-Smoker,Prefer Privacy,Movies/TV,Text,Cleanliness,quiet and focused,Regularly (1-2 times a week)
3170,Female,< 18,Early Riser,Lively,Rarely,no,Non-Smoker,Open to Socializing,"Music, Movies/TV, Outdoor Activities, Gaming",In-person,Friendly,quiet and focused,Very frequently (5 or more times a week)
3171,Female,18,Early Riser,Quiet,Rarely,yes,Non-Smoker,Prefer Privacy,Music,In-person,Cleanliness,collaborative,Frequently (3-4 times a week)
3172,Female,< 18,Balanced Throughout the Day,Quiet,Regularly,yes,Non-Smoker,Open to Socializing,"Reading, Music, Movies/TV, Outdoor Activities",In-person,Respectful,collaborative,Rarely (once a month or less)
3173,Female,< 18,Early Riser,Quiet,Rarely,yes,Non-Smoker,Open to Socializing,"Reading, Sports, Movies/TV, Outdoor Activities, Gaming",In-person,Friendly,collaborative,Occasionally (1-2 times a month)
3174,Female,18,Early Riser,Quiet,Rarely,no,Non-Smoker,Prefer Privacy,Sports,Text,Quiet,quiet and focused,Occasionally (1-2 times a month)
3175,Female,18,Early Riser,Lively,Regularly,no,Non-Smoker,Open to Socializing,"Music, Movies/TV, Outdoor Activities",In-person,Friendly,quiet and focused,Rarely (once a month or less)
3176,Female,< 18,Balanced Throughout the Day,Balanced,Regularly,yes,Non-Smoker,Open to Socializing,"Sports, Music, Movies/TV, Outdoor Activities",Text,Cleanliness,quiet and focused,Occasionally (1-2 times a month)
3177,Female,18,Balanced Throughout the Day,Balanced,Occasionally,yes,Non-Smoker,Open to Socializing,Sports,In-person,Cleanliness,quiet and focused,Frequently (3-4 times a week)
3178,Female,< 18,Early Riser,Balanced,Regularly,no,Non-Smoker,Open to Socializing,"Sports, Music, Movies/TV, Outdoor Activities, Gaming",In-person,Friendly,quiet and focused,Rarely (once a month or less)
3179,Female,18,Balanced Throughout the Day,Balanced,Occasionally,no,Non-Smoker,Open to Socializing,"Reading, Sports, Music, Movies/TV, Outdoor Activities, Gaming",In-person,Cleanliness,quiet and focused,Rarely (once a month or less)
3180,Female,18,Night Owl,Balanced,Rarely,no,Non-Smoker,Prefer Privacy,"Reading, Music, Movies/TV",Text,Friendly,prefer background noise,Never
3181,Female,< 18,Early Riser,Balanced,Regularly,yes,Non-Smoker,Prefer Privacy,"Reading, Music, Outdoor Activities",In-person,Cleanliness,prefer background noise,Occasionally (1-2 times a month)
3182,Female,< 18,Balanced Throughout the Day,Lively,Rarely,no,Non-Smoker,Open to Socializing,Reading,In-person,Quiet,quiet and focused,Occasionally (1-2 times a month)
3183,Female,18,Night Owl,Quiet,Rarely,no,Non-Smoker,Prefer Privacy,"Reading, Movies/TV, Gaming",In-person,Respectful,collaborative,Never
3184,Female,18,Balanced Throughout the Day,Balanced,Regularly,no,Non-Smoker,Open to Socializing,"Reading, Gaming",In-person,Respectful,quiet and focused,Rarely (once a month or less)
3185,Female,< 18,Balanced Throughout the Day,Balanced,Rarely,no,Non-Smoker,Open to Socializing,Movies/TV,Text,Cleanliness,quiet and focused,Occasionally (1-2 times a month)
3186,Female,< 18,Night Owl,Lively,Occasionally,yes,Non-Smoker,Prefer Privacy,"Music, Outdoor Activities",In-person,Cleanliness,collaborative,Rarely (once a month or less)
3187,Female,< 18,Balanced Throughout the Day,Quiet,Occasionally,no,Non-Smoker,Open to Socializing,Sports,In-person,Cleanliness,quiet and focused,Rarely (once a month or less)
3188,Female,< 18,Early Riser,Balanced,Regularly,no,Non-Smoker,Open to Socializing,"Music, Movies/TV, Outdoor Activities",In-person,Friendly,quiet and focused,Never
3189,Female,18,Night Owl,Balanced,Rarely,no,Non-Smoker,Prefer Privacy,"Reading, Music, Movies/TV",In-person,Respectful,quiet and focused,Never
3190,Female,< 18,Balanced Throughout the Day,Quiet,Occasionally,no,Non-Smoker,Open to Socializing,"Reading, Music",In-person,Respectful,collaborative,Regularly (1-2 times a week)
3191,Female,18,Balanced Throughout the Day,Balanced,Regularly,no,Non-Smoker,Open to Socializing,Music,In-person,Friendly,quiet and focused,Frequently (3-4 times a week)
3192,Female,18,Early Riser,Quiet,Regularly,no,Non-Smoker,Prefer Privacy,"Reading, Outdoor Activities",In-person,Cleanliness,quiet and focused,Occasionally (1-2 times a month)
3193,Female,18,Early Riser,Quiet,Occasionally,no,Non-Smoker,Prefer Privacy,"Reading, Sports",In-person,Cleanliness,quiet and focused,Occasionally (1-2 times a month)
3194,Female,18,Balanced Throughout the Day,Balanced,Rarely,no,Non-Smoker,Open to Socializing,Music,In-person,Friendly,collaborative,Rarely (once a month or less)
3195,Female,< 18,Early Riser,Quiet,Occasionally,no,Non-Smoker,Open to Socializing,Music,In-person,Cleanliness,collaborative,Rarely (once a month or less)
3196,Female,< 18,Early Riser,Balanced,Rarely,yes,Non-Smoker,Prefer Privacy,"Reading, Sports, Movies/TV",In-person,Respectful,quiet and focused,Rarely (once a month or less)
3197,Female,< 18,Early Riser,Balanced,Regularly,no,Non-Smoker,Open to Socializing,"Reading, Sports, Music",In-person,Respectful,quiet and focused,Rarely (once a month or less)
3198,Female,18,Balanced Throughout the Day,Quiet,Rarely,no,Non-Smoker,Prefer Privacy,"Reading, Music, Movies/TV, Gaming",In-person,Responsible,quiet and focused,Never
3199,Female,18,Early Riser,Quiet,Regularly,no,Non-Smoker,Open to Socializing,"Reading, Sports, Music, Movies/TV, Outdoor Activities, Gaming",In-person,Friendly,collaborative,Frequently (3-4 times a week)
3200,Female,< 18,Early Riser,Balanced,Occasionally,no,Non-Smoker,Prefer Privacy,Sports,In-person,Respectful,quiet and focused,Regularly (1-2 times a week)
3201,Female,18,Balanced Throughout the Day,Quiet,Rarely,yes,Non-Smoker,Prefer Privacy,Outdoor Activities,In-person,Respectful,quiet and focused,Rarely (once a month or less)
3202,Female,< 18,Balanced Throughout the Day,Quiet,Occasionally,no,Non-Smoker,Prefer Privacy,"Music, Movies/TV, Gaming",In-person,Cleanliness,quiet and focused,Rarely (once a month or less)
3203,Female,< 18,Early Riser,Lively,Rarely,no,Non-Smoker,Prefer Privacy,"Sports, Music, Movies/TV, Outdoor Activities",In-person,Cleanliness,quiet and focused,Frequently (3-4 times a week)
3204,Female,18,Balanced Throughout the Day,Balanced,Occasionally,no,Non-Smoker,Open to Socializing,Outdoor Activities,In-person,Respectful,quiet and focused,Rarely (once a month or less)
3205,Female,18,Early Riser,Quiet,Rarely,no,Non-Smoker,Open to Socializing,"Reading, Music",Text,Friendly,quiet and focused,Rarely (once a month or less)
3206,Female,18,Night Owl,Balanced,Occasionally,no,Non-Smoker,Prefer Privacy,"Movies/TV, Gaming",Text,Responsible,collaborative,Never
3207,Female,< 18,Balanced Throughout the Day,Lively,Rarely,no,Non-Smoker,Open to Socializing,Reading,In-person,Respectful,prefer background noise,Regularly (1-2 times a week)
3208,Female,18,Early Riser,Quiet,Rarely,no,Non-Smoker,Prefer Privacy,"Reading, Music, Movies/TV",Text,Respectful,quiet and focused,Frequently (3-4 times a week)
3209,Female,< 18,Balanced Throughout the Day,Lively,Occasionally,yes,Non-Smoker,Open to Socializing,"Reading, Sports, Music, Movies/TV, Outdoor Activities, Gaming",In-person,Cleanliness,prefer background noise,Occasionally (1-2 times a month)
3210,Female,18,Early Riser,Quiet,Occasionally,no,Non-Smoker,Prefer Privacy,"Reading, Sports",In-person,Responsible,quiet and focused,Regularly (1-2 times a week)
3211,Female,< 18,Early Riser,Quiet,Occasionally,no,Non-Smoker,Open to Socializing,"Reading, Music, Movies/TV, Outdoor Activities",In-person,Cleanliness,quiet and focused,Occasionally (1-2 times a month)
3212,Female,< 18,Early Riser,Balanced,Regularly,no,Non-Smoker,Open to Socializing,Sports,In-person,Cleanliness,collaborative,Occasionally (1-2 times a month)
3213,Female,< 18,Night Owl,Balanced,Rarely,yes,Non-Smoker,Prefer Privacy,Movies/TV,In-person,Friendly,collaborative,Rarely (once a month or less)
3214,Female,18,Balanced Throughout the Day,Lively,Rarely,yes,Non-Smoker,Open to Socializing,"Reading, Sports, Outdoor Activities",In-person,Cleanliness,prefer background noise,Occasionally (1-2 times a month)
3215,Female,>22,Early Riser,Quiet,Rarely,no,Non-Smoker,Prefer Privacy,"Reading, Music, Movies/TV",In-person,Friendly,quiet and focused,Rarely (once a month or less)
3216,Female,18,Early Riser,Balanced,Occasionally,no,Non-Smoker,Prefer Privacy,"Music, Movies/TV, Outdoor Activities, Gaming",In-person,Respectful,prefer background noise,Regularly (1-2 times a week)
3217,Male,< 18,Early Riser,Lively,Rarely,no,Non-Smoker,Open to Socializing,Outdoor Activities,In-person,Cleanliness,quiet and focused,Frequently (3-4 times a week)
3218,Male,< 18,Early Riser,Lively,Occasionally,no,Non-Smoker,Open to Socializing,"Reading, Sports, Music, Movies/TV, Outdoor Activities, Gaming",In-person,Cleanliness,collaborative,Regularly (1-2 times a week)
3219,Female,18,Balanced Throughout the Day,Lively,Rarely,no,Non-Smoker,Open to Socializing,Sports,In-person,Friendly,collaborative,Rarely (once a month or less)
3220,Male,18,Early Riser,Balanced,Regularly,no,Non-Smoker,Open to Socializing,"Sports, Outdoor Activities",In-person,Respectful,quiet and focused,Very frequently (5 or more times a week)
3221,Female,< 18,Night Owl,Lively,Occasionally,no,Non-Smoker,Open to Socializing,Reading,In-person,Quiet,quiet and focused,Never
3222,Female,< 18,Balanced Throughout the Day,Quiet,Rarely,no,Non-Smoker,Open to Socializing,"Reading, Music, Movies/TV",In-person,Cleanliness,quiet and focused,Rarely (once a month or less)
3223,Male,< 18,Early Riser,Lively,Regularly,no,Non-Smoker,Open to Socializing,"Reading, Movies/TV, Outdoor Activities, Gaming",In-person,Respectful,collaborative,Occasionally (1-2 times a month)
3224,Male,< 18,Night Owl,Balanced,Regularly,no,Non-Smoker,Open to Socializing,"Reading, Music, Gaming",Text,Quiet,prefer background noise,Regularly (1-2 times a week)
3225,Male,< 18,Early Riser,Balanced,Rarely,no,Non-Smoker,Open to Socializing,"Sports, Music, Outdoor Activities",In-person,Cleanliness,quiet and focused,Regularly (1-2 times a week)
3226,Female,< 18,Night Owl,Quiet,Rarely,no,Non-Smoker,Open to Socializing,"Music, Movies/TV",In-person,Cleanliness,quiet and focused,Never
3227,Male,18,Balanced Throughout the Day,Quiet,Rarely,yes,Non-Smoker,Prefer Privacy,"Sports, Music, Movies/TV, Gaming",In-person,Quiet,quiet and focused,Rarely (once a month or less)
3228,Female,< 18,Balanced Throughout the Day,Balanced,Regularly,no,Non-Smoker,Open to Socializing,"Music, Movies/TV, Outdoor Activities",In-person,Cleanliness,quiet and focused,Never
3229,Male,18,Early Riser,Balanced,Rarely,yes,Non-Smoker,Open to Socializing,"Sports, Gaming",In-person,Respectful,collaborative,Occasionally (1-2 times a month)
3230,Male,18,Balanced Throughout the Day,Balanced,Regularly,no,Non-Smoker,Open to Socializing,"Reading, Sports, Movies/TV, Gaming",In-person,Respectful,quiet and focused,Rarely (once a month or less)
3231,Male,18,Early Riser,Balanced,Occasionally,yes,Non-Smoker,Prefer Privacy,"Reading, Sports, Movies/TV, Gaming",Text,Respectful,collaborative,Frequently (3-4 times a week)
3232,Male,18,Balanced Throughout the Day,Quiet,Rarely,yes,Smoker,Open to Socializing,"Sports, Outdoor Activities, Gaming",In-person,Cleanliness,quiet and focused,Very frequently (5 or more times a week)
3233,Male,18,Night Owl,Balanced,Occasionally,no,Non-Smoker,Prefer Privacy,Gaming,In-person,Friendly,quiet and focused,Occasionally (1-2 times a month)
3234,Male,< 18,Balanced Throughout the Day,Balanced,Rarely,no,Non-Smoker,Open to Socializing,Sports,In-person,Friendly,collaborative,Very frequently (5 or more times a week)
3235,Male,< 18,Balanced Throughout the Day,Balanced,Rarely,no,Non-Smoker,Open to Socializing,"Sports, Music, Gaming",In-person,Friendly,quiet and focused,Frequently (3-4 times a week)
3236,Male,18,Balanced Throughout the Day,Quiet,Regularly,no,Non-Smoker,Open to Socializing,"Sports, Outdoor Activities, Gaming",Text,Friendly,collaborative,Regularly (1-2 times a week)
3237,Female,18,Night Owl,Balanced,Regularly,no,Non-Smoker,Prefer Privacy,"Reading, Music, Movies/TV, Outdoor Activities",In-person,Cleanliness,quiet and focused,Regularly (1-2 times a week)
3238,Female,< 18,Early Riser,Balanced,Rarely,no,Non-Smoker,Open to Socializing,Outdoor Activities,In-person,Cleanliness,prefer background noise,Very frequently (5 or more times a week)
3239,Male,18,Night Owl,Quiet,Rarely,no,Non-Smoker,Open to Socializing,"Sports, Music",Text,Friendly,quiet and focused,Rarely (once a month or less)
3240,Male,18,Night Owl,Balanced,Regularly,yes,Non-Smoker,Prefer Privacy,"Sports, Music, Outdoor Activities, Gaming",In-person,Cleanliness,quiet and focused,Regularly (1-2 times a week)
3241,Female,18,Night Owl,Balanced,Regularly,no,Non-Smoker,Open to Socializing,"Music, Movies/TV, Outdoor Activities",Text,Respectful,quiet and focused,Rarely (once a month or less)
3242,Female,18,Night Owl,Quiet,Regularly,no,Non-Smoker,Prefer Privacy,Movies/TV,Text,Responsible,quiet and focused,Rarely (once a month or less)
3243,Female,18,Early Riser,Balanced,Regularly,no,Non-Smoker,Open to Socializing,Movies/TV,In-person,Cleanliness,collaborative,Rarely (once a month or less)
3244,Male,18,Balanced Throughout the Day,Lively,Rarely,no,Non-Smoker,Open to Socializing,"Sports, Gaming",Text,Cleanliness,collaborative,Frequently (3-4 times a week)
3245,Male,< 18,Early Riser,Quiet,Occasionally,yes,Non-Smoker,Prefer Privacy,"Music, Movies/TV, Outdoor Activities",Text,Friendly,quiet and focused,Rarely (once a month or less)
3246,Female,18,Early Riser,Balanced,Occasionally,yes,Non-Smoker,Open to Socializing,Movies/TV,Text,Cleanliness,collaborative,Rarely (once a month or less)
3247,Male,< 18,Night Owl,Lively,Rarely,yes,Non-Smoker,Open to Socializing,"Sports, Music, Gaming",Text,Friendly,collaborative,Regularly (1-2 times a week)
3248,Male,18,Early Riser,Quiet,Rarely,no,Non-Smoker,Prefer Privacy,"Reading, Music, Movies/TV, Gaming",In-person,Friendly,quiet and focused,Occasionally (1-2 times a month)
3249,Female,< 18,Balanced Throughout the Day,Lively,Rarely,yes,Non-Smoker,Prefer Privacy,"Reading, Music, Movies/TV",Text,Cleanliness,quiet and focused,Never
3250,Male,18,Balanced Throughout the Day,Balanced,Rarely,no,Non-Smoker,Open to Socializing,"Sports, Music, Movies/TV, Outdoor Activities, Gaming",In-person,Cleanliness,quiet and focused,Rarely (once a month or less)
3251,Male,< 18,Night Owl,Balanced,Occasionally,no,Non-Smoker,Open to Socializing,"Sports, Music",In-person,Responsible,quiet and focused,Rarely (once a month or less)
3252,Female,18,Balanced Throughout the Day,Quiet,Occasionally,yes,Non-Smoker,Prefer Privacy,Reading,In-person,Respectful,quiet and focused,Occasionally (1-2 times a month)
3253,Male,< 18,Balanced Throughout the Day,Balanced,Rarely,no,Non-Smoker,Open to Socializing,"Sports, Music, Movies/TV, Outdoor Activities, Gaming",In-person,Cleanliness,quiet and focused,Frequently (3-4 times a week)
3254,Male,< 18,Early Riser,Quiet,Regularly,no,Non-Smoker,Open to Socializing,Sports,In-person,Friendly,collaborative,Frequently (3-4 times a week)
3255,Male,18,Balanced Throughout the Day,Balanced,Occasionally,no,Non-Smoker,Open to Socializing,Sports,In-person,Cleanliness,quiet and focused,Very frequently (5 or more times a week)
3256,Female,< 18,Early Riser,Balanced,Rarely,no,Non-Smoker,Prefer Privacy,"Reading, Music, Movies/TV, Outdoor Activities, Gaming",In-person,Friendly,quiet and focused,Occasionally (1-2 times a month)
3257,Male,< 18,Night Owl,Balanced,Rarely,no,Non-Smoker,Open to Socializing,"Sports, Movies/TV, Gaming",In-person,Respectful,quiet and focused,Frequently (3-4 times a week)
3258,Female,< 18,Early Riser,Balanced,Rarely,no,Non-Smoker,Open to Socializing,"Sports, Music, Movies/TV",In-person,Respectful,collaborative,Rarely (once a month or less)
3259,Male,< 18,Night Owl,Balanced,Rarely,no,Non-Smoker,Prefer Privacy,"Sports, Outdoor Activities, Gaming",In-person,Friendly,quiet and focused,Regularly (1-2 times a week)
3260,Female,18,Early Riser,Lively,Rarely,no,Non-Smoker,Open to Socializing,"Music, Outdoor Activities",Text,Cleanliness,quiet and focused,Rarely (once a month or less)
3261,Male,< 18,Balanced Throughout the Day,Lively,Rarely,no,Non-Smoker,Prefer Privacy,"Reading, Outdoor Activities, Gaming",In-person,Friendly,collaborative,Regularly (1-2 times a week)
3262,Female,< 18,Night Owl,Quiet,Rarely,no,Non-Smoker,Open to Socializing,"Reading, Sports, Music, Movies/TV, Outdoor Activities, Gaming",Text,Respectful,prefer background noise,Rarely (once a month or less)
3263,Female,< 18,Night Owl,Quiet,Rarely,yes,Non-Smoker,Prefer Privacy,Music,Text,Cleanliness,quiet and focused,Regularly (1-2 times a week)
3264,Female,< 18,Balanced Throughout the Day,Lively,Rarely,yes,Non-Smoker,Prefer Privacy,"Music, Gaming",In-person,Cleanliness,collaborative,Occasionally (1-2 times a month)
3265,Male,< 18,Night Owl,Balanced,Rarely,yes,Non-Smoker,Open to Socializing,"Reading, Sports, Movies/TV, Gaming",In-person,Respectful,collaborative,Rarely (once a month or less)
3266,Female,< 18,Early Riser,Balanced,Regularly,no,Non-Smoker,Open to Socializing,"Reading, Movies/TV, Gaming",In-person,Cleanliness,collaborative,Rarely (once a month or less)
3267,Male,18,Early Riser,Lively,Occasionally,no,Smoker,Prefer Privacy,"Outdoor Activities, Gaming",In-person,Cleanliness,prefer background noise,Rarely (once a month or less)
3268,Male,18,Early Riser,Quiet,Regularly,yes,Non-Smoker,Prefer Privacy,"Sports, Music, Gaming",Text,Respectful,quiet and focused,Frequently (3-4 times a week)
3269,Male,< 18,Balanced Throughout the Day,Balanced,Occasionally,no,Non-Smoker,Open to Socializing,"Reading, Sports, Music, Movies/TV, Outdoor Activities",In-person,Friendly,quiet and focused,Occasionally (1-2 times a month)
3270,Male,< 18,Early Riser,Balanced,Rarely,no,Non-Smoker,Open to Socializing,"Sports, Gaming",Text,Respectful,collaborative,Very frequently (5 or more times a week)
3271,Male,18,Early Riser,Lively,Regularly,no,Non-Smoker,Prefer Privacy,Sports,Text,Quiet,quiet and focused,Very frequently (5 or more times a week)
3272,Female,18,Balanced Throughout the Day,Balanced,Rarely,yes,Non-Smoker,Open to Socializing,"Reading, Sports, Movies/TV, Outdoor Activities",In-person,Cleanliness,collaborative,Frequently (3-4 times a week)
3273,Male,< 18,Balanced Throughout the Day,Lively,Rarely,yes,Non-Smoker,Open to Socializing,Gaming,In-person,Respectful,collaborative,Rarely (once a month or less)
3274,Female,< 18,Balanced Throughout the Day,Lively,Occasionally,yes,Non-Smoker,Prefer Privacy,"Sports, Movies/TV, Outdoor Activities",In-person,Cleanliness,quiet and focused,Frequently (3-4 times a week)
3275,Male,< 18,Balanced Throughout the Day,Quiet,Rarely,no,Non-Smoker,Open to Socializing,Outdoor Activities,In-person,Respectful,collaborative,Rarely (once a month or less)
3276,Female,18,Balanced Throughout the Day,Lively,Rarely,no,Non-Smoker,Prefer Privacy,"Movies/TV, Outdoor Activities, Gaming",In-person,Cleanliness,quiet and focused,Occasionally (1-2 times a month)
3277,Female,< 18,Night Owl,Quiet,Occasionally,no,Non-Smoker,Prefer Privacy,Reading,Text,Cleanliness,quiet and focused,Frequently (3-4 times a week)
3278,Female,< 18,Early Riser,Quiet,Rarely,no,Non-Smoker,Prefer Privacy,"Reading, Sports, Music",Text,Cleanliness,quiet and focused,Regularly (1-2 times a week)
3279,Male,< 18,Early Riser,Quiet,Rarely,yes,Non-Smoker,Open to Socializing,"Sports, Music, Gaming",In-person,Cleanliness,quiet and focused,Frequently (3-4 times a week)
3280,Male,18,Balanced Throughout the Day,Lively,Occasionally,no,Non-Smoker,Open to Socializing,Sports,In-person,Respectful,collaborative,Regularly (1-2 times a week)
3281,Male,< 18,Balanced Throughout the Day,Lively,Rarely,no,Non-Smoker,Open to Socializing,Gaming,In-person,Cleanliness,prefer background noise,Frequently (3-4 times a week)
3282,Female,18,Early Riser,Balanced,Rarely,yes,Non-Smoker,Prefer Privacy,Reading,In-person,Cleanliness,quiet and focused,Rarely (once a month or less)
3283,Male,< 18,Balanced Throughout the Day,Quiet,Rarely,no,Non-Smoker,Open to Socializing,"Sports, Outdoor Activities, Gaming",In-person,Respectful,quiet and focused,Regularly (1-2 times a week)
3284,Female,< 18,Early Riser,Quiet,Rarely,no,Non-Smoker,Prefer Privacy,"Music, Movies/TV",In-person,Respectful,quiet and focused,Never
3285,Male,18,Balanced Throughout the Day,Balanced,Regularly,yes,Non-Smoker,Open to Socializing,"Sports, Music, Outdoor Activities, Gaming",In-person,Cleanliness,collaborative,Occasionally (1-2 times a month)
3286,Male,19,Balanced Throughout the Day,Lively,Regularly,no,Non-Smoker,Open to Socializing,Sports,In-person,Cleanliness,collaborative,Very frequently (5 or more times a week)
3287,Male,< 18,Early Riser,Lively,Rarely,no,Non-Smoker,Open to Socializing,"Sports, Movies/TV, Gaming",In-person,Respectful,collaborative,Frequently (3-4 times a week)
3288,Female,< 18,Early Riser,Balanced,Regularly,no,Non-Smoker,Open to Socializing,"Reading, Sports, Music, Outdoor Activities",In-person,Cleanliness,collaborative,Regularly (1-2 times a week)
3289,Female,18,Early Riser,Balanced,Rarely,yes,Non-Smoker,Prefer Privacy,"Reading, Sports, Music, Movies/TV, Outdoor Activities, Gaming",In-person,Respectful,collaborative,Rarely (once a month or less)
3290,Male,18,Balanced Throughout the Day,Lively,Rarely,no,Non-Smoker,Open to Socializing,"Reading, Sports, Music, Movies/TV, Outdoor Activities",In-person,Cleanliness,collaborative,Regularly (1-2 times a week)
3291,Female,18,Early Riser,Quiet,Rarely,no,Non-Smoker,Open to Socializing,"Sports, Music",In-person,Respectful,quiet and focused,Rarely (once a month or less)
3292,Female,< 18,Night Owl,Balanced,Rarely,no,Non-Smoker,Open to Socializing,"Reading, Music, Movies/TV, Outdoor Activities",In-person,Friendly,quiet and focused,Rarely (once a month or less)
3293,Male,18,Early Riser,Lively,Regularly,no,Non-Smoker,Open to Socializing,"Music, Movies/TV, Outdoor Activities, Gaming",In-person,Cleanliness,quiet and focused,Regularly (1-2 times a week)
3294,Female,< 18,Balanced Throughout the Day,Quiet,Occasionally,no,Non-Smoker,Prefer Privacy,"Reading, Music",Text,Cleanliness,quiet and focused,Occasionally (1-2 times a month)
3295,Female,< 18,Night Owl,Balanced,Regularly,no,Non-Smoker,Prefer Privacy,"Reading, Sports, Music, Outdoor Activities",In-person,Cleanliness,collaborative,Occasionally (1-2 times a month)
3296,Male,18,Early Riser,Balanced,Rarely,no,Non-Smoker,Prefer Privacy,Sports,Text,Respectful,collaborative,Rarely (once a month or less)
3297,Male,18,Balanced Throughout the Day,Balanced,Rarely,no,Non-Smoker,Open to Socializing,"Music, Movies/TV, Outdoor Activities, Gaming",Text,Friendly,quiet and focused,Never
3298,Male,< 18,Balanced Throughout the Day,Balanced,Regularly,no,Non-Smoker,Open to Socializing,"Sports, Music, Outdoor Activities, Gaming",In-person,Cleanliness,prefer background noise,Never
3299,Female,< 18,Balanced Throughout the Day,Balanced,Rarely,yes,Non-Smoker,Prefer Privacy,"Reading, Music, Movies/TV",In-person,Friendly,quiet and focused,Rarely (once a month or less)
3300,Female,< 18,Early Riser,Balanced,Rarely,no,Non-Smoker,Open to Socializing,"Reading, Movies/TV",In-person,Respectful,quiet and focused,Rarely (once a month or less)
3301,Male,< 18,Early Riser,Balanced,Occasionally,no,Non-Smoker,Open to Socializing,"Music, Gaming",In-person,Friendly,prefer background noise,Occasionally (1-2 times a month)
3302,Female,< 18,Balanced Throughout the Day,Quiet,Regularly,no,Non-Smoker,Open to Socializing,"Music, Movies/TV",In-person,Quiet,quiet and focused,Rarely (once a month or less)
3303,Male,18,Balanced Throughout the Day,Quiet,Rarely,no,Non-Smoker,Prefer Privacy,"Reading, Sports, Music, Movies/TV, Outdoor Activities, Gaming",Text,Quiet,quiet and focused,Occasionally (1-2 times a month)
3304,Male,< 18,Early Riser,Quiet,Rarely,no,Non-Smoker,Open to Socializing,"Reading, Music",Text,Cleanliness,quiet and focused,Occasionally (1-2 times a month)
3305,Female,18,Night Owl,Quiet,Rarely,no,Non-Smoker,Open to Socializing,"Reading, Music",In-person,Respectful,collaborative,Rarely (once a month or less)
3306,Female,< 18,Balanced Throughout the Day,Lively,Occasionally,no,Non-Smoker,Open to Socializing,Sports,In-person,Cleanliness,quiet and focused,Regularly (1-2 times a week)
3307,Female,18,Early Riser,Quiet,Rarely,no,Non-Smoker,Prefer Privacy,"Sports, Music",In-person,Respectful,quiet and focused,Occasionally (1-2 times a month)
3308,Female,18,Early Riser,Balanced,Rarely,no,Non-Smoker,Prefer Privacy,Gaming,In-person,Respectful,quiet and focused,Rarely (once a month or less)
3309,Male,< 18,Early Riser,Lively,Rarely,no,Non-Smoker,Prefer Privacy,"Sports, Outdoor Activities",In-person,Respectful,quiet and focused,Frequently (3-4 times a week)
3310,Male,18,Balanced Throughout the Day,Quiet,Regularly,no,Non-Smoker,Prefer Privacy,"Sports, Music, Outdoor Activities",In-person,Responsible,collaborative,Very frequently (5 or more times a week)
3311,Female,< 18,Night Owl,Balanced,Rarely,no,Non-Smoker,Open to Socializing,"Reading, Movies/TV",In-person,Responsible,quiet and focused,Rarely (once a month or less)
3312,Male,< 18,Early Riser,Balanced,Occasionally,no,Non-Smoker,Open to Socializing,Sports,In-person,Respectful,quiet and focused,Regularly (1-2 times a week)
3313,Male,18,Early Riser,Lively,Regularly,no,Non-Smoker,Prefer Privacy,"Sports, Music, Gaming",In-person,Respectful,quiet and focused,Very frequently (5 or more times a week)
3314,Male,< 18,Early Riser,Balanced,Occasionally,no,Non-Smoker,Prefer Privacy,"Sports, Music, Movies/TV, Outdoor Activities, Gaming",In-person,Cleanliness,collaborative,Regularly (1-2 times a week)
3315,Male,18,Early Riser,Quiet,Rarely,no,Non-Smoker,Prefer Privacy,"Sports, Music, Movies/TV",In-person,Cleanliness,quiet and focused,Occasionally (1-2 times a month)
3316,Female,18,Early Riser,Balanced,Regularly,no,Non-Smoker,Prefer Privacy,"Music, Movies/TV, Gaming",In-person,Friendly,quiet and focused,Rarely (once a month or less)
3317,Male,18,Night Owl,Lively,Regularly,yes,Smoker,Open to Socializing,"Outdoor Activities, Gaming",Text,Cleanliness,collaborative,Occasionally (1-2 times a month)
3318,Male,18,Balanced Throughout the Day,Balanced,Rarely,no,Smoker,Open to Socializing,Sports,In-person,Cleanliness,collaborative,Frequently (3-4 times a week)
3319,Female,18,Early Riser,Lively,Rarely,no,Non-Smoker,Open to Socializing,"Reading, Movies/TV, Outdoor Activities",In-person,Respectful,prefer background noise,Rarely (once a month or less)
3320,Male,18,Early Riser,Lively,Occasionally,yes,Non-Smoker,Open to Socializing,"Reading, Sports, Music, Outdoor Activities, Gaming",In-person,Cleanliness,prefer background noise,Frequently (3-4 times a week)
3321,Female,18,Early Riser,Lively,Occasionally,yes,Non-Smoker,Prefer Privacy,"Reading, Sports, Music, Movies/TV, Outdoor Activities, Gaming",Text,Friendly,quiet and focused,Regularly (1-2 times a week)
3322,Female,18,Early Riser,Quiet,Rarely,no,Non-Smoker,Open to Socializing,Outdoor Activities,In-person,Cleanliness,quiet and focused,Never
3323,Male,< 18,Balanced Throughout the Day,Lively,Occasionally,no,Non-Smoker,Prefer Privacy,"Sports, Music, Movies/TV, Outdoor Activities, Gaming",In-person,Friendly,collaborative,Rarely (once a month or less)
3324,Female,18,Early Riser,Balanced,Rarely,no,Non-Smoker,Open to Socializing,"Reading, Movies/TV, Outdoor Activities, Gaming",In-person,Cleanliness,collaborative,Rarely (once a month or less)
3325,Female,< 18,Balanced Throughout the Day,Lively,Regularly,no,Non-Smoker,Open to Socializing,"Sports, Music, Movies/TV, Outdoor Activities",In-person,Friendly,prefer background noise,Very frequently (5 or more times a week)
3326,Female,< 18,Balanced Throughout the Day,Balanced,Rarely,no,Non-Smoker,Open to Socializing,"Music, Movies/TV, Outdoor Activities, Gaming",In-person,Friendly,collaborative,Rarely (once a month or less)
3327,Male,< 18,Night Owl,Quiet,Rarely,no,Non-Smoker,Prefer Privacy,"Sports, Movies/TV",In-person,Quiet,quiet and focused,Occasionally (1-2 times a month)
3328,Female,18,Night Owl,Lively,Regularly,no,Non-Smoker,Open to Socializing,"Reading, Sports, Music, Movies/TV, Outdoor Activities, Gaming",In-person,Friendly,collaborative,Regularly (1-2 times a week)
3329,Female,18,Night Owl,Lively,Rarely,no,Non-Smoker,Open to Socializing,Reading,In-person,Friendly,quiet and focused,Regularly (1-2 times a week)
3330,Male,< 18,Early Riser,Lively,Occasionally,yes,Non-Smoker,Open to Socializing,Sports,In-person,Respectful,quiet and focused,Very frequently (5 or more times a week)
3331,Male,< 18,Balanced Throughout the Day,Balanced,Regularly,no,Non-Smoker,Open to Socializing,Sports,In-person,Responsible,collaborative,Frequently (3-4 times a week)
3332,Female,18,Balanced Throughout the Day,Balanced,Rarely,no,Non-Smoker,Open to Socializing,Gaming,In-person,Cleanliness,collaborative,Rarely (once a month or less)
3333,Female,18,Balanced Throughout the Day,Balanced,Regularly,no,Non-Smoker,Open to Socializing,"Reading, Sports, Music, Movies/TV, Outdoor Activities, Gaming",In-person,Cleanliness,collaborative,Rarely (once a month or less)
3334,Male,< 18,Night Owl,Balanced,Rarely,yes,Non-Smoker,Open to Socializing,Music,In-person,Cleanliness,quiet and focused,Very frequently (5 or more times a week)
3335,Female,18,Night Owl,Balanced,Rarely,no,Non-Smoker,Prefer Privacy,Reading,In-person,Respectful,quiet and focused,Rarely (once a month or less)
3336,Female,18,Early Riser,Quiet,Rarely,yes,Non-Smoker,Open to Socializing,"Reading, Sports, Outdoor Activities",In-person,Friendly,collaborative,Occasionally (1-2 times a month)
3337,Female,< 18,Early Riser,Balanced,Rarely,no,Non-Smoker,Prefer Privacy,Movies/TV,In-person,Cleanliness,collaborative,Never
3338,Male,< 18,Night Owl,Lively,Regularly,no,Non-Smoker,Open to Socializing,Outdoor Activities,In-person,Cleanliness,collaborative,Rarely (once a month or less)
3339,Female,< 18,Early Riser,Lively,Occasionally,no,Non-Smoker,Prefer Privacy,"Reading, Sports, Music, Movies/TV, Outdoor Activities",In-person,Cleanliness,quiet and focused,Rarely (once a month or less)
3340,Male,18,Early Riser,Balanced,Rarely,no,Non-Smoker,Open to Socializing,"Sports, Music, Movies/TV, Gaming",In-person,Friendly,quiet and focused,Regularly (1-2 times a week)
3341,Male,< 18,Balanced Throughout the Day,Lively,Rarely,no,Non-Smoker,Prefer Privacy,Sports,In-person,Cleanliness,quiet and focused,Very frequently (5 or more times a week)
3342,Female,>22,Night Owl,Balanced,Rarely,no,Non-Smoker,Open to Socializing,Outdoor Activities,In-person,Respectful,quiet and focused,Regularly (1-2 times a week)
3343,Female,< 18,Balanced Throughout the Day,Lively,Rarely,yes,Non-Smoker,Open to Socializing,Gaming,In-person,Cleanliness,collaborative,Rarely (once a month or less)
3344,Female,18,Balanced Throughout the Day,Balanced,Rarely,no,Non-Smoker,Open to Socializing,"Music, Movies/TV, Outdoor Activities",In-person,Friendly,quiet and focused,Regularly (1-2 times a week)
3345,Female,< 18,Early Riser,Lively,Regularly,no,Non-Smoker,Open to Socializing,"Reading, Sports",In-person,Respectful,quiet and focused,Frequently (3-4 times a week)
3346,Female,< 18,Night Owl,Lively,Rarely,no,Non-Smoker,Open to Socializing,Music,In-person,Friendly,quiet and focused,Never
3347,Female,< 18,Night Owl,Balanced,Regularly,no,Non-Smoker,Prefer Privacy,Reading,Text,Cleanliness,quiet and focused,Rarely (once a month or less)
3348,Male,< 18,Early Riser,Balanced,Rarely,no,Non-Smoker,Open to Socializing,Music,In-person,Cleanliness,collaborative,Regularly (1-2 times a week)
3349,Male,< 18,Early Riser,Lively,Rarely,no,Non-Smoker,Open to Socializing,"Sports, Gaming",In-person,Friendly,collaborative,Very frequently (5 or more times a week)
3350,Male,18,Night Owl,Quiet,Occasionally,no,Non-Smoker,Open to Socializing,Sports,In-person,Quiet,collaborative,Frequently (3-4 times a week)
3351,Female,< 18,Night Owl,Quiet,Regularly,no,Non-Smoker,Open to Socializing,Gaming,In-person,Respectful,collaborative,Never
3352,Female,< 18,Early Riser,Lively,Occasionally,no,Non-Smoker,Open to Socializing,"Reading, Sports, Music, Movies/TV, Outdoor Activities",In-person,Cleanliness,quiet and focused,Rarely (once a month or less)
3353,Male,18,Night Owl,Quiet,Occasionally,no,Non-Smoker,Open to Socializing,"Sports, Movies/TV, Gaming",In-person,Responsible,quiet and focused,Rarely (once a month or less)
3354,Male,18,Early Riser,Balanced,Regularly,yes,Non-Smoker,Open to Socializing,"Reading, Sports, Music, Gaming",Text,Respectful,quiet and focused,Occasionally (1-2 times a month)
3355,Female,18,Balanced Throughout the Day,Balanced,Rarely,no,Non-Smoker,Open to Socializing,Sports,In-person,Respectful,collaborative,Regularly (1-2 times a week)
3356,Male,< 18,Early Riser,Lively,Occasionally,no,Non-Smoker,Open to Socializing,"Sports, Music, Outdoor Activities, Gaming",In-person,Cleanliness,quiet and focused,Regularly (1-2 times a week)
3357,Male,< 18,Early Riser,Quiet,Occasionally,no,Non-Smoker,Prefer Privacy,"Reading, Sports, Movies/TV, Outdoor Activities",In-person,Respectful,quiet and focused,Rarely (once a month or less)
3358,Female,< 18,Early Riser,Lively,Occasionally,yes,Non-Smoker,Open to Socializing,"Reading, Music, Movies/TV, Gaming",In-person,Responsible,prefer background noise,Very frequently (5 or more times a week)
3359,Female,18,Night Owl,Balanced,Regularly,no,Non-Smoker,Open to Socializing,"Reading, Sports, Music, Movies/TV, Outdoor Activities, Gaming",In-person,Friendly,collaborative,Rarely (once a month or less)
3360,Male,18,Night Owl,Quiet,Occasionally,yes,Non-Smoker,Prefer Privacy,"Sports, Music, Gaming",Text,Friendly,collaborative,Regularly (1-2 times a week)
3361,Female,18,Early Riser,Balanced,Regularly,no,Non-Smoker,Open to Socializing,Movies/TV,In-person,Respectful,quiet and focused,Never
3362,Male,< 18,Night Owl,Quiet,Regularly,yes,Non-Smoker,Open to Socializing,Sports,In-person,Cleanliness,quiet and focused,Rarely (once a month or less)
3363,Female,18,Night Owl,Quiet,Rarely,no,Non-Smoker,Prefer Privacy,"Reading, Music, Movies/TV",In-person,Cleanliness,quiet and focused,Rarely (once a month or less)
3364,Female,< 18,Night Owl,Balanced,Regularly,no,Non-Smoker,Open to Socializing,Movies/TV,In-person,Friendly,quiet and focused,Never
3365,Male,< 18,Night Owl,Balanced,Regularly,yes,Non-Smoker,Prefer Privacy,"Reading, Sports, Music, Movies/TV, Outdoor Activities, Gaming",Text,Responsible,quiet and focused,Regularly (1-2 times a week)
3366,Male,18,Early Riser,Quiet,Rarely,yes,Non-Smoker,Prefer Privacy,"Sports, Movies/TV, Gaming",In-person,Respectful,quiet and focused,Occasionally (1-2 times a month)
3367,Female,18,Early Riser,Balanced,Occasionally,no,Non-Smoker,Prefer Privacy,"Reading, Sports, Music, Movies/TV, Outdoor Activities",Text,Respectful,quiet and focused,Frequently (3-4 times a week)
3368,Male,< 18,Night Owl,Quiet,Occasionally,yes,Non-Smoker,Open to Socializing,Music,In-person,Respectful,collaborative,Very frequently (5 or more times a week)
3369,Female,< 18,Balanced Throughout the Day,Balanced,Regularly,no,Non-Smoker,Open to Socializing,"Reading, Sports, Music, Movies/TV, Outdoor Activities, Gaming",In-person,Cleanliness,quiet and focused,Regularly (1-2 times a week)
3370,Male,< 18,Early Riser,Lively,Rarely,no,Non-Smoker,Open to Socializing,"Sports, Movies/TV, Outdoor Activities, Gaming",In-person,Responsible,prefer background noise,Frequently (3-4 times a week)
3371,Female,18,Early Riser,Quiet,Rarely,yes,Non-Smoker,Open to Socializing,"Reading, Sports, Music, Movies/TV",In-person,Cleanliness,quiet and focused,Very frequently (5 or more times a week)
3372,Male,< 18,Night Owl,Quiet,Rarely,no,Non-Smoker,Prefer Privacy,"Music, Movies/TV, Gaming",Text,Cleanliness,quiet and focused,Rarely (once a month or less)
3373,Male,18,Night Owl,Balanced,Occasionally,yes,Smoker,Open to Socializing,"Sports, Movies/TV, Outdoor Activities, Gaming",In-person,Cleanliness,quiet and focused,Occasionally (1-2 times a month)
3374,Male,18,Early Riser,Balanced,Occasionally,no,Non-Smoker,Open to Socializing,"Sports, Outdoor Activities",In-person,Cleanliness,collaborative,Frequently (3-4 times a week)
3375,Male,< 18,Balanced Throughout the Day,Balanced,Rarely,no,Non-Smoker,Open to Socializing,"Sports, Music, Movies/TV, Gaming",In-person,Friendly,quiet and focused,Frequently (3-4 times a week)
3376,Female,< 18,Early Riser,Balanced,Occasionally,no,Non-Smoker,Prefer Privacy,"Reading, Music, Movies/TV, Outdoor Activities, Gaming",In-person,Cleanliness,prefer background noise,Never
3377,Male,18,Night Owl,Quiet,Rarely,no,Non-Smoker,Open to Socializing,Sports,In-person,Cleanliness,collaborative,Very frequently (5 or more times a week)
3378,Male,< 18,Night Owl,Balanced,Rarely,no,Non-Smoker,Open to Socializing,"Reading, Sports, Movies/TV, Outdoor Activities, Gaming",In-person,Friendly,quiet and focused,Regularly (1-2 times a week)
3379,Female,< 18,Early Riser,Lively,Rarely,no,Non-Smoker,Open to Socializing,Sports,Text,Cleanliness,quiet and focused,Occasionally (1-2 times a month)
3380,Female,18,Early Riser,Balanced,Rarely,no,Non-Smoker,Open to Socializing,Sports,In-person,Friendly,quiet and focused,Occasionally (1-2 times a month)
3381,Male,18,Early Riser,Lively,Regularly,yes,Non-Smoker,Prefer Privacy,"Sports, Music",In-person,Cleanliness,quiet and focused,Very frequently (5 or more times a week)
3382,Female,18,Early Riser,Balanced,Regularly,no,Non-Smoker,Open to Socializing,Sports,In-person,Respectful,quiet and focused,Frequently (3-4 times a week)
3383,Female,< 18,Balanced Throughout the Day,Balanced,Occasionally,no,Non-Smoker,Prefer Privacy,"Sports, Music, Movies/TV",In-person,Cleanliness,quiet and focused,Frequently (3-4 times a week)
3384,Female,< 18,Night Owl,Balanced,Rarely,yes,Non-Smoker,Prefer Privacy,"Reading, Movies/TV, Gaming",Text,Respectful,quiet and focused,Occasionally (1-2 times a month)
3385,Male,18,Balanced Throughout the Day,Balanced,Regularly,no,Non-Smoker,Open to Socializing,"Sports, Music, Gaming",In-person,Cleanliness,collaborative,Very frequently (5 or more times a week)
3386,Female,18,Early Riser,Quiet,Rarely,yes,Non-Smoker,Open to Socializing,Sports,In-person,Respectful,collaborative,Occasionally (1-2 times a month)
3387,Female,< 18,Night Owl,Quiet,Regularly,yes,Non-Smoker,Open to Socializing,"Reading, Music, Movies/TV, Gaming",In-person,Cleanliness,quiet and focused,Occasionally (1-2 times a month)
3388,Male,< 18,Early Riser,Balanced,Rarely,no,Non-Smoker,Prefer Privacy,Reading,In-person,Friendly,quiet and focused,Rarely (once a month or less)
3389,Female,18,Early Riser,Balanced,Rarely,no,Non-Smoker,Prefer Privacy,Sports,In-person,Cleanliness,quiet and focused,Regularly (1-2 times a week)
3390,Female,< 18,Early Riser,Lively,Occasionally,yes,Non-Smoker,Open to Socializing,Reading,In-person,Friendly,collaborative,Rarely (once a month or less)
3391,Male,18,Early Riser,Balanced,Occasionally,no,Non-Smoker,Open to Socializing,"Sports, Outdoor Activities",In-person,Respectful,quiet and focused,Rarely (once a month or less)
3392,Female,< 18,Early Riser,Balanced,Rarely,no,Non-Smoker,Open to Socializing,"Music, Movies/TV, Outdoor Activities",In-person,Cleanliness,collaborative,Never
3393,Female,18,Early Riser,Quiet,Rarely,no,Non-Smoker,Prefer Privacy,Movies/TV,Text,Quiet,quiet and focused,Never
3394,Female,18,Balanced Throughout the Day,Quiet,Occasionally,yes,Non-Smoker,Prefer Privacy,"Reading, Sports, Music, Gaming",Text,Respectful,collaborative,Rarely (once a month or less)
3395,Female,< 18,Early Riser,Balanced,Rarely,no,Non-Smoker,Open to Socializing,"Reading, Sports, Music, Movies/TV",In-person,Quiet,prefer background noise,Occasionally (1-2 times a month)
3396,Male,18,Early Riser,Balanced,Regularly,yes,Non-Smoker,Open to Socializing,"Reading, Sports, Music, Movies/TV, Outdoor Activities, Gaming",In-person,Friendly,collaborative,Very frequently (5 or more times a week)
3397,Female,< 18,Early Riser,Lively,Rarely,no,Non-Smoker,Open to Socializing,"Reading, Sports, Music, Movies/TV, Outdoor Activities, Gaming",In-person,Respectful,quiet and focused,Regularly (1-2 times a week)
3398,Male,18,Balanced Throughout the Day,Quiet,Regularly,no,Non-Smoker,Open to Socializing,Sports,In-person,Cleanliness,quiet and focused,Frequently (3-4 times a week)
3399,Female,18,Early Riser,Balanced,Rarely,no,Non-Smoker,Open to Socializing,Reading,Text,Respectful,quiet and focused,Rarely (once a month or less)
3400,Female,< 18,Early Riser,Quiet,Occasionally,no,Non-Smoker,Open to Socializing,"Reading, Music, Gaming",In-person,Cleanliness,collaborative,Never
3401,Male,< 18,Early Riser,Quiet,Regularly,no,Non-Smoker,Open to Socializing,"Reading, Sports",Text,Responsible,collaborative,Regularly (1-2 times a week)
3402,Female,18,Early Riser,Balanced,Occasionally,no,Non-Smoker,Prefer Privacy,Reading,In-person,Cleanliness,quiet and focused,Rarely (once a month or less)
3403,Female,18,Early Riser,Balanced,Rarely,yes,Non-Smoker,Open to Socializing,Movies/TV,In-person,Respectful,quiet and focused,Rarely (once a month or less)
3404,Female,< 18,Early Riser,Balanced,Occasionally,no,Non-Smoker,Prefer Privacy,Movies/TV,In-person,Quiet,prefer background noise,Never
3405,Male,< 18,Balanced Throughout the Day,Balanced,Rarely,no,Non-Smoker,Prefer Privacy,Music,In-person,Cleanliness,quiet and focused,Rarely (once a month or less)
3406,Female,18,Early Riser,Balanced,Occasionally,yes,Non-Smoker,Open to Socializing,"Sports, Music, Movies/TV",In-person,Cleanliness,quiet and focused,Regularly (1-2 times a week)
3407,Female,18,Early Riser,Quiet,Rarely,yes,Non-Smoker,Open to Socializing,"Movies/TV, Outdoor Activities",In-person,Respectful,quiet and focused,Never
3408,Female,18,Night Owl,Quiet,Rarely,no,Non-Smoker,Open to Socializing,"Movies/TV, Outdoor Activities",Text,Cleanliness,quiet and focused,Never
3409,Male,< 18,Early Riser,Quiet,Rarely,no,Non-Smoker,Open to Socializing,"Sports, Outdoor Activities, Gaming",In-person,Cleanliness,collaborative,Regularly (1-2 times a week)
3410,Male,< 18,Balanced Throughout the Day,Quiet,Regularly,no,Non-Smoker,Prefer Privacy,Movies/TV,Text,Respectful,quiet and focused,Occasionally (1-2 times a month)
3411,Male,18,Balanced Throughout the Day,Balanced,Occasionally,no,Non-Smoker,Prefer Privacy,"Reading, Sports, Music",In-person,Cleanliness,collaborative,Very frequently (5 or more times a week)
3412,Female,< 18,Early Riser,Balanced,Occasionally,no,Non-Smoker,Prefer Privacy,"Reading, Sports, Movies/TV",In-person,Cleanliness,collaborative,Regularly (1-2 times a week)
3413,Female,< 18,Early Riser,Balanced,Rarely,no,Non-Smoker,Open to Socializing,Music,In-person,Cleanliness,collaborative,Never
3414,Male,18,Early Riser,Balanced,Regularly,no,Non-Smoker,Open to Socializing,"Sports, Music, Movies/TV, Outdoor Activities, Gaming",In-person,Cleanliness,collaborative,Regularly (1-2 times a week)
3415,Female,< 18,Night Owl,Balanced,Regularly,no,Non-Smoker,Open to Socializing,"Reading, Music, Outdoor Activities, Gaming",In-person,Respectful,quiet and focused,Never
3416,Male,< 18,Balanced Throughout the Day,Lively,Occasionally,yes,Non-Smoker,Prefer Privacy,"Reading, Sports, Music, Movies/TV, Outdoor Activities, Gaming",In-person,Cleanliness,prefer background noise,Frequently (3-4 times a week)
3417,Female,< 18,Early Riser,Balanced,Rarely,no,Non-Smoker,Prefer Privacy,"Reading, Sports, Movies/TV, Outdoor Activities",In-person,Cleanliness,quiet and focused,Regularly (1-2 times a week)
3418,Female,18,Early Riser,Balanced,Occasionally,yes,Non-Smoker,Open to Socializing,"Reading, Sports, Movies/TV",In-person,Respectful,quiet and focused,Frequently (3-4 times a week)
3419,Male,< 18,Balanced Throughout the Day,Balanced,Rarely,no,Non-Smoker,Open to Socializing,"Sports, Music, Gaming",Text,Respectful,quiet and focused,Frequently (3-4 times a week)
3420,Male,< 18,Early Riser,Lively,Rarely,no,Non-Smoker,Open to Socializing,Sports,In-person,Respectful,quiet and focused,Regularly (1-2 times a week)
3421,Male,18,Early Riser,Lively,Rarely,no,Non-Smoker,Open to Socializing,Reading,In-person,Quiet,quiet and focused,Occasionally (1-2 times a month)
3422,Female,18,Early Riser,Quiet,Rarely,no,Non-Smoker,Open to Socializing,"Reading, Sports, Music, Movies/TV, Outdoor Activities, Gaming",In-person,Respectful,quiet and focused,Rarely (once a month or less)
3423,Female,< 18,Night Owl,Quiet,Rarely,no,Non-Smoker,Prefer Privacy,"Reading, Music, Movies/TV",Text,Quiet,prefer background noise,Rarely (once a month or less)
3424,Female,18,Early Riser,Balanced,Rarely,no,Non-Smoker,Open to Socializing,"Reading, Sports, Music, Outdoor Activities",Text,Respectful,quiet and focused,Occasionally (1-2 times a month)
3425,Female,18,Early Riser,Balanced,Occasionally,no,Non-Smoker,Open to Socializing,Sports,In-person,Respectful,quiet and focused,Frequently (3-4 times a week)
3426,Male,< 18,Night Owl,Balanced,Occasionally,yes,Non-Smoker,Prefer Privacy,Music,In-person,Cleanliness,collaborative,Occasionally (1-2 times a month)
3427,Female,18,Early Riser,Quiet,Rarely,no,Non-Smoker,Prefer Privacy,"Reading, Music, Movies/TV",Text,Respectful,quiet and focused,Never
3428,Male,< 18,Balanced Throughout the Day,Lively,Rarely,no,Non-Smoker,Open to Socializing,"Sports, Music, Movies/TV, Outdoor Activities, Gaming",Text,Friendly,collaborative,Very frequently (5 or more times a week)
3429,Female,18,Early Riser,Lively,Regularly,yes,Non-Smoker,Open to Socializing,"Reading, Sports, Music, Movies/TV, Gaming",In-person,Respectful,collaborative,Regularly (1-2 times a week)
